------------------------------------------------------------
--INSERTAR CATALOGO
------------------------------------------------------------

Insert into CN.CATALOGO (TIPO_ITEM,  CODIGO_ITEM,NOMBRE_ITEM,UNIDAD_MEDIDA, PRECIO_UNIT) values ('B','495700030033','AGUJA HIPODERMICA DESCARTABLE Nº 18 G X 1 1/2 in',112,1.20);
Insert into CN.CATALOGO (TIPO_ITEM,  CODIGO_ITEM,NOMBRE_ITEM,UNIDAD_MEDIDA, PRECIO_UNIT) values ('B','495500010472','GORRO DESCARTABLE DE ENFERMERA',112,0.30);
Insert into CN.CATALOGO (TIPO_ITEM,  CODIGO_ITEM,NOMBRE_ITEM,UNIDAD_MEDIDA, PRECIO_UNIT) values ('B','717200050230','PAPEL BOND DE 75 g TAMAÑO A4 DE COLOR',452,12.00);
Insert into CN.CATALOGO (TIPO_ITEM,  CODIGO_ITEM,NOMBRE_ITEM,UNIDAD_MEDIDA, PRECIO_UNIT) values ('B','716000010001','BOLÍGRAFO (LAPICERO) DE TINTA LÍQUIDA PUNTA FINA COLOR  NEGRO',112,0.50);
Insert into CN.CATALOGO (TIPO_ITEM,  CODIGO_ITEM,NOMBRE_ITEM,UNIDAD_MEDIDA, PRECIO_UNIT) values ('B','716000010210','BOLIGRAFO (LAPICERO) DE TINTA SECA PUNTA FINA COLOR AZUL',449,0.50);
Insert into CN.CATALOGO (TIPO_ITEM,  CODIGO_ITEM,NOMBRE_ITEM,UNIDAD_MEDIDA, PRECIO_UNIT) values ('B','475100015201','FORMATO SOLICITUD ANALISIS HEMOTERAPIA Y BANCO DE SANGRE',350,1.20);
Insert into CN.CATALOGO (TIPO_ITEM,  CODIGO_ITEM,NOMBRE_ITEM,UNIDAD_MEDIDA, PRECIO_UNIT) values ('B','475100015037','FORMATO SOLICITUD DE ANALISIS DE LABORATORIO X 100',112,1.50);
Insert into CN.CATALOGO (TIPO_ITEM,  CODIGO_ITEM,NOMBRE_ITEM,UNIDAD_MEDIDA, PRECIO_UNIT) values ('B','495700070005','ALGODÓN HIDRÓFILO X 500 g',112,3.50);
Insert into CN.CATALOGO (TIPO_ITEM,  CODIGO_ITEM,NOMBRE_ITEM,UNIDAD_MEDIDA, PRECIO_UNIT) values ('B','715000120010','PERFORADOR DE 2 ESPIGAS PARA 15 A 20 HOJAS',112,22.00);
Insert into CN.CATALOGO (TIPO_ITEM,  CODIGO_ITEM,NOMBRE_ITEM,UNIDAD_MEDIDA, PRECIO_UNIT) values ('B','353800010019','ALCOHOL ETILICO (ETANOL) 70º X 1 L',112,2.50);
Insert into CN.CATALOGO (TIPO_ITEM,  CODIGO_ITEM,NOMBRE_ITEM,UNIDAD_MEDIDA, PRECIO_UNIT) values ('B','475100015981','FORMATO PAPELETA DE HOSPITALIZACION',350,1.50);
Insert into CN.CATALOGO (TIPO_ITEM,  CODIGO_ITEM,NOMBRE_ITEM,UNIDAD_MEDIDA, PRECIO_UNIT) values ('B','717200050013','PAPEL BOND 80 g TAMAÑO A4',112,12.00);
Insert into CN.CATALOGO (TIPO_ITEM,  CODIGO_ITEM,NOMBRE_ITEM,UNIDAD_MEDIDA, PRECIO_UNIT) values ('B','495701290041','EQUIPO DE TRANSFUSION DE SANGRE',112,28000);
Insert into CN.CATALOGO (TIPO_ITEM,  CODIGO_ITEM,NOMBRE_ITEM,UNIDAD_MEDIDA, PRECIO_UNIT) values ('B','475100016872','FORMATO INDICACIONES ENDOSCOPIA Y CIRUGIA MENOR',350,3.50);
Insert into CN.CATALOGO (TIPO_ITEM,  CODIGO_ITEM,NOMBRE_ITEM,UNIDAD_MEDIDA, PRECIO_UNIT) values ('B','475100015330','FORMATO INTERCONSULTA',350,2.20);
Insert into CN.CATALOGO (TIPO_ITEM,  CODIGO_ITEM,NOMBRE_ITEM,UNIDAD_MEDIDA, PRECIO_UNIT) values ('B','475100016238','FORMATO DE EXAMEN CLINICO',350,2.50);
Insert into CN.CATALOGO (TIPO_ITEM,  CODIGO_ITEM,NOMBRE_ITEM,UNIDAD_MEDIDA, PRECIO_UNIT) values ('B','475100016853','FORMATO SOLICITUD SALA DE OPERACIONES',350,2.20);
Insert into CN.CATALOGO (TIPO_ITEM,  CODIGO_ITEM,NOMBRE_ITEM,UNIDAD_MEDIDA, PRECIO_UNIT) values ('B','495500010086','BOTA DESCARTABLE PARA CIRUJANO ANTIDESLIZANTE',353,3.00);
Insert into CN.CATALOGO (TIPO_ITEM,  CODIGO_ITEM,NOMBRE_ITEM,UNIDAD_MEDIDA, PRECIO_UNIT) values ('B','899600120102','UNIFORME DE INVIERNO PARA CABALLERO',112,180.00);
Insert into CN.CATALOGO (TIPO_ITEM,  CODIGO_ITEM,NOMBRE_ITEM,UNIDAD_MEDIDA, PRECIO_UNIT) values ('B','285400110026','LINTERNA DE MANO PEQUEÑA',112,8.00);
Insert into CN.CATALOGO (TIPO_ITEM,  CODIGO_ITEM,NOMBRE_ITEM,UNIDAD_MEDIDA, PRECIO_UNIT) values ('B','899600120103','UNIFORME DE INVIERNO PARA DAMA',112,170.00);
Insert into CN.CATALOGO (TIPO_ITEM,  CODIGO_ITEM,NOMBRE_ITEM,UNIDAD_MEDIDA, PRECIO_UNIT) values ('B','495100091925','PINZA DE BIOPSIA MANDIBULA DE COCODRILO FENESTRADA 10.5cm',112,9.20);
Insert into CN.CATALOGO (TIPO_ITEM,  CODIGO_ITEM,NOMBRE_ITEM,UNIDAD_MEDIDA, PRECIO_UNIT) values ('B','899600122034','BATA DE BRAMANTE MANGA CORTA UNISEX TALLA L COLOR BLANCO',112,15.60);
Insert into CN.CATALOGO (TIPO_ITEM,  CODIGO_ITEM,NOMBRE_ITEM,UNIDAD_MEDIDA, PRECIO_UNIT) values ('B','475100017988','FORMATO PARA BANCO DE SANGRE',350,1.80);
Insert into CN.CATALOGO (TIPO_ITEM,  CODIGO_ITEM,NOMBRE_ITEM,UNIDAD_MEDIDA, PRECIO_UNIT) values ('B','746437120033','ESCRITORIO DE MADERA DE 3 GAVETAS',112,560.00);
Insert into CN.CATALOGO (TIPO_ITEM,  CODIGO_ITEM,NOMBRE_ITEM,UNIDAD_MEDIDA, PRECIO_UNIT) values ('B','899600121602','UNIFORME DE VESTIR DE VERANO PARA CABALLERO',112,120.00);
Insert into CN.CATALOGO (TIPO_ITEM,  CODIGO_ITEM,NOMBRE_ITEM,UNIDAD_MEDIDA, PRECIO_UNIT) values ('B','767400040005','CD REGRABABLE DE 700 MB',112,2.50);
Insert into CN.CATALOGO (TIPO_ITEM,  CODIGO_ITEM,NOMBRE_ITEM,UNIDAD_MEDIDA, PRECIO_UNIT) values ('B','503300250039','CINTA DE EMBALAJE 2 in X 55 yd',112,3.80);
Insert into CN.CATALOGO (TIPO_ITEM,  CODIGO_ITEM,NOMBRE_ITEM,UNIDAD_MEDIDA, PRECIO_UNIT) values ('B','495100092047','PINZA DE BIOPSIA MANDIBULA DE COCODRILO DE LONGITUD DE TRABAJO 155 cm',112,22.50);
Insert into CN.CATALOGO (TIPO_ITEM,  CODIGO_ITEM,NOMBRE_ITEM,UNIDAD_MEDIDA, PRECIO_UNIT) values ('B','716000060381','PLUMON MARCADOR DE TINTA AL AGUA PUNTA GRUESA',112,1.80);
Insert into CN.CATALOGO (TIPO_ITEM,  CODIGO_ITEM,NOMBRE_ITEM,UNIDAD_MEDIDA, PRECIO_UNIT) values ('B','512000150102','FRASCO DE PLASTICO BOCA ANCHA X 100 mL CON TAPA X 100',112,3.70);
Insert into CN.CATALOGO (TIPO_ITEM,  CODIGO_ITEM,NOMBRE_ITEM,UNIDAD_MEDIDA, PRECIO_UNIT) values ('B','767400061139','TONER DE IMPRESION PARA HP COD. REF. CE410A NEGRO',112,70.00);
Insert into CN.CATALOGO (TIPO_ITEM,  CODIGO_ITEM,NOMBRE_ITEM,UNIDAD_MEDIDA, PRECIO_UNIT) values ('B','899600121916','BATA DE DRIL UNISEX',112,50.00);
Insert into CN.CATALOGO (TIPO_ITEM,  CODIGO_ITEM,NOMBRE_ITEM,UNIDAD_MEDIDA, PRECIO_UNIT) values ('B','443600120008','MICA PARA ANILLAR TIPO CATEDRAL TAMAÑO OFICIO',112,2.80);
Insert into CN.CATALOGO (TIPO_ITEM,  CODIGO_ITEM,NOMBRE_ITEM,UNIDAD_MEDIDA, PRECIO_UNIT) values ('B','717200050013','PAPEL BOND 80 g TAMAÑO A4',112,10.00);
Insert into CN.CATALOGO (TIPO_ITEM,  CODIGO_ITEM,NOMBRE_ITEM,UNIDAD_MEDIDA, PRECIO_UNIT) values ('B','495700110029','BAJALENGUA DE MADERA ADULTO X 500',112,12.00);
Insert into CN.CATALOGO (TIPO_ITEM,  CODIGO_ITEM,NOMBRE_ITEM,UNIDAD_MEDIDA, PRECIO_UNIT) values ('B','899600121601','UNIFORME DE VESTIR DE VERANO PARA DAMA',112,120);
Insert into CN.CATALOGO (TIPO_ITEM,  CODIGO_ITEM,NOMBRE_ITEM,UNIDAD_MEDIDA, PRECIO_UNIT) values ('B','475100016797','FORMATO RECETARIO MEDICO ESTANDARIZADO (BLOCK X 100 HOJAS)',112,2.5);
Insert into CN.CATALOGO (TIPO_ITEM,  CODIGO_ITEM,NOMBRE_ITEM,UNIDAD_MEDIDA, PRECIO_UNIT) values ('B','139200160229','PAPEL TOALLA DE 25.10 cm X 24.5 cm X 175 HOJAS',112,5.60);
Insert into CN.CATALOGO (TIPO_ITEM,  CODIGO_ITEM,NOMBRE_ITEM,UNIDAD_MEDIDA, PRECIO_UNIT) values ('B','716000060385','PLUMON RESALTADOR PUNTA MEDIANA BISELADA',112,2.3);
Insert into CN.CATALOGO (TIPO_ITEM,  CODIGO_ITEM,NOMBRE_ITEM,UNIDAD_MEDIDA, PRECIO_UNIT) values ('B','717200030039','CUADERNO RAYADO TAMAÑO A4 X 100 HOJAS',112,3.2);
Insert into CN.CATALOGO (TIPO_ITEM,  CODIGO_ITEM,NOMBRE_ITEM,UNIDAD_MEDIDA, PRECIO_UNIT) values ('B','497000020879','CONTENEDOR DE ACERO QUIRURGICO 20 cm X 14 cm X 5 cm',112,35.00);
Insert into CN.CATALOGO (TIPO_ITEM,  CODIGO_ITEM,NOMBRE_ITEM,UNIDAD_MEDIDA, PRECIO_UNIT) values ('B','497000029999','SERVICIO DE LUZ',112,540.00);
Insert into CN.CATALOGO (TIPO_ITEM,  CODIGO_ITEM,NOMBRE_ITEM,UNIDAD_MEDIDA, PRECIO_UNIT) values ('B','497000028888','SERVICIO DE AGUA',112,340.00);


------------------------------------------------
--INSERTAR CENTRO DE COSTO 
-------------------------------------------------

Insert into CN.CENTRO_COSTO (CENTRO_COSTO,NOMBRE,NRO_PERSONAL) values ('1.9.10.13','CONSULTA EXTERNA EN MEDICINA ONCOLOGICA',5);
Insert into CN.CENTRO_COSTO (CENTRO_COSTO,NOMBRE,NRO_PERSONAL) values ('1.9.10.8','CONSULTA EXTERNA',3);
Insert into CN.CENTRO_COSTO (CENTRO_COSTO,NOMBRE,NRO_PERSONAL) values ('1.1.2','ADMISION',12);
Insert into CN.CENTRO_COSTO (CENTRO_COSTO,NOMBRE,NRO_PERSONAL) values ('1.5.2','EPIDEMIOLOGIA Y ESTADISTICA',6);
Insert into CN.CENTRO_COSTO (CENTRO_COSTO,NOMBRE,NRO_PERSONAL) values ('1.5.6','SECRETARIA',8);
Insert into CN.CENTRO_COSTO (CENTRO_COSTO,NOMBRE,NRO_PERSONAL) values ('1.7.2.3','DIAGNOSTICOS Y TERAPEUTICOS',4);
Insert into CN.CENTRO_COSTO (CENTRO_COSTO,NOMBRE,NRO_PERSONAL) values ('1.8.10','ANESTESIOLOGIA',3);

----------------------------------------------------
-- INSERTAR CUADRO DE NECESIDADES
----------------------------------------------------

Insert into CN.CUADRO_NECESIDADES (ANO_PROG,CENTRO_COSTO,MONTO_PROG) values (2019,'01.12.05',0.00);
Insert into CN.CUADRO_NECESIDADES (ANO_PROG,CENTRO_COSTO,MONTO_PROG) values (2019,'01.06.03',0.00);
Insert into CN.CUADRO_NECESIDADES (ANO_PROG,CENTRO_COSTO,MONTO_PROG) values (2019,'1.7.3.2',0.00);
Insert into CN.CUADRO_NECESIDADES  (ANO_PROG,CENTRO_COSTO,MONTO_PROG) values (2019,'1.9.10.13',0.00);
Insert into CN.CUADRO_NECESIDADES  (ANO_PROG,CENTRO_COSTO,MONTO_PROG) values (2019,'1.9.10.8',0.00);
Insert Into CN.CUADRO_NECESIDADES  (ANO_PROG,CENTRO_COSTO,MONTO_PROG) values (2019,'1.1.2',0.00);
Insert into CN.CUADRO_NECESIDADES  (ANO_PROG,CENTRO_COSTO,MONTO_PROG) values (2019,'1.5.2',0.00);
Insert into CN.CUADRO_NECESIDADES  (ANO_PROG,CENTRO_COSTO,MONTO_PROG) values (2019,'1.5.6',0.00);
Insert into CN.CUADRO_NECESIDADES  (ANO_PROG,CENTRO_COSTO,MONTO_PROG) values (2019,'1.7.2.3',0.00);
Insert into CN.CUADRO_NECESIDADES  (ANO_PROG,CENTRO_COSTO,MONTO_PROG) values (2019,'1.8.10',0.00);


-----------------------------------------------------------
-- INSERTAR DETALLE CUADRO DE NECESIDADES
-----------------------------------------------------------

Insert into CN.DETALLE_CN (ANO_PROG,CENTRO_COSTO,TIPO_ITEM,CODIGO_ITEM,UNIDAD_MEDIDA,PRECIO_UNIT,CANT_TOTAL) values (2019,'01.12.05','B','602287620041',112,750,1);
Insert into CN.DETALLE_CN (ANO_PROG,CENTRO_COSTO,TIPO_ITEM,CODIGO_ITEM,UNIDAD_MEDIDA,PRECIO_UNIT,CANT_TOTAL) values (2019,'01.12.05','B','536425250035',112,2900,1);
Insert into CN.DETALLE_CN (ANO_PROG,CENTRO_COSTO,TIPO_ITEM,CODIGO_ITEM,UNIDAD_MEDIDA,PRECIO_UNIT,CANT_TOTAL) values (2019,'01.12.05','B','536430960022',112,253,1);
Insert into CN.DETALLE_CN (ANO_PROG,CENTRO_COSTO,TIPO_ITEM,CODIGO_ITEM,UNIDAD_MEDIDA,PRECIO_UNIT,CANT_TOTAL) values (2019,'01.12.05','B','475100018041',112,4,4);
Insert into CN.DETALLE_CN (ANO_PROG,CENTRO_COSTO,TIPO_ITEM,CODIGO_ITEM,UNIDAD_MEDIDA,PRECIO_UNIT,CANT_TOTAL) values (2019,'01.12.05','B','475100015332',350,110,4);
Insert into CN.DETALLE_CN (ANO_PROG,CENTRO_COSTO,TIPO_ITEM,CODIGO_ITEM,UNIDAD_MEDIDA,PRECIO_UNIT,CANT_TOTAL) values (2019,'01.12.05','B','475100015362',350,71,5);
Insert into CN.DETALLE_CN (ANO_PROG,CENTRO_COSTO,TIPO_ITEM,CODIGO_ITEM,UNIDAD_MEDIDA,PRECIO_UNIT,CANT_TOTAL) values (2019,'01.12.05','B','475100016797',112,6,20);
Insert into CN.DETALLE_CN (ANO_PROG,CENTRO_COSTO,TIPO_ITEM,CODIGO_ITEM,UNIDAD_MEDIDA,PRECIO_UNIT,CANT_TOTAL) values (2019,'01.06.03','B','203400120177',349,40,100);
Insert into CN.DETALLE_CN (ANO_PROG,CENTRO_COSTO,TIPO_ITEM,CODIGO_ITEM,UNIDAD_MEDIDA,PRECIO_UNIT,CANT_TOTAL) values (2019,'01.06.03','B','133000070037',346,20.25,40);
Insert into CN.DETALLE_CN (ANO_PROG,CENTRO_COSTO,TIPO_ITEM,CODIGO_ITEM,UNIDAD_MEDIDA,PRECIO_UNIT,CANT_TOTAL) values (2019,'01.06.03','B','133000010002',112,7,100);
Insert into CN.DETALLE_CN (ANO_PROG,CENTRO_COSTO,TIPO_ITEM,CODIGO_ITEM,UNIDAD_MEDIDA,PRECIO_UNIT,CANT_TOTAL) values (2019,'1.7.3.2','B','495700350303',112,3.5,84);
Insert into CN.DETALLE_CN (ANO_PROG,CENTRO_COSTO,TIPO_ITEM,CODIGO_ITEM,UNIDAD_MEDIDA,PRECIO_UNIT,CANT_TOTAL) values (2019,'1.7.3.2','B','495100110177',112,380,2);
Insert into CN.DETALLE_CN (ANO_PROG,CENTRO_COSTO,TIPO_ITEM,CODIGO_ITEM,UNIDAD_MEDIDA,PRECIO_UNIT,CANT_TOTAL) values (2019,'1.7.3.2','B','495100130115',112,54.81,2);
Insert into CN.DETALLE_CN (ANO_PROG,CENTRO_COSTO,TIPO_ITEM,CODIGO_ITEM,UNIDAD_MEDIDA,PRECIO_UNIT,CANT_TOTAL) values (2019,'1.7.3.2','B','495700380019',112,1.19,294);
Insert into CN.DETALLE_CN (ANO_PROG,CENTRO_COSTO,TIPO_ITEM,CODIGO_ITEM,UNIDAD_MEDIDA,PRECIO_UNIT,CANT_TOTAL) values (2019,'1.7.3.2','B','495700410105',112,7.5,50);
Insert into CN.DETALLE_CN (ANO_PROG,CENTRO_COSTO,TIPO_ITEM,CODIGO_ITEM,UNIDAD_MEDIDA,PRECIO_UNIT,CANT_TOTAL) values (2019,'1.7.3.2','B','497000020204',112,95,3);
Insert into CN.DETALLE_CN (ANO_PROG,CENTRO_COSTO,TIPO_ITEM,CODIGO_ITEM,UNIDAD_MEDIDA,PRECIO_UNIT,CANT_TOTAL) values (2019,'1.7.3.2','B','497000020251',112,19.95,80);
Insert into CN.DETALLE_CN (ANO_PROG,CENTRO_COSTO,TIPO_ITEM,CODIGO_ITEM,UNIDAD_MEDIDA,PRECIO_UNIT,CANT_TOTAL) values (2019,'1.7.3.2','B','495700270229',112,11.39,68);
Insert into CN.DETALLE_CN (ANO_PROG,CENTRO_COSTO,TIPO_ITEM,CODIGO_ITEM,UNIDAD_MEDIDA,PRECIO_UNIT,CANT_TOTAL) values (2019,'1.7.3.2','B','495700290004',353,0.78,126);
Insert into CN.DETALLE_CN (ANO_PROG,CENTRO_COSTO,TIPO_ITEM,CODIGO_ITEM,UNIDAD_MEDIDA,PRECIO_UNIT,CANT_TOTAL) values (2019,'1.9.10.13','B','139200160229',112,7,100);
Insert into CN.DETALLE_CN (ANO_PROG,CENTRO_COSTO,TIPO_ITEM,CODIGO_ITEM,UNIDAD_MEDIDA,PRECIO_UNIT,CANT_TOTAL) values (2019,'1.9.10.13','B','285400110026',112,48,2);
Insert into CN.DETALLE_CN (ANO_PROG,CENTRO_COSTO,TIPO_ITEM,CODIGO_ITEM,UNIDAD_MEDIDA,PRECIO_UNIT,CANT_TOTAL) values (2019,'1.9.10.13','B','899600120103',112,890,2);
Insert into CN.DETALLE_CN (ANO_PROG,CENTRO_COSTO,TIPO_ITEM,CODIGO_ITEM,UNIDAD_MEDIDA,PRECIO_UNIT,CANT_TOTAL) values (2019,'1.9.10.8','B','475100016853',350,18,6);
Insert into CN.DETALLE_CN (ANO_PROG,CENTRO_COSTO,TIPO_ITEM,CODIGO_ITEM,UNIDAD_MEDIDA,PRECIO_UNIT,CANT_TOTAL) values (2019,'1.9.10.13','B','899600120102',112,874,2);
Insert into CN.DETALLE_CN (ANO_PROG,CENTRO_COSTO,TIPO_ITEM,CODIGO_ITEM,UNIDAD_MEDIDA,PRECIO_UNIT,CANT_TOTAL) values (2019,'1.9.10.13','B','899600121601',112,580.02,2);
Insert into CN.DETALLE_CN (ANO_PROG,CENTRO_COSTO,TIPO_ITEM,CODIGO_ITEM,UNIDAD_MEDIDA,PRECIO_UNIT,CANT_TOTAL) values (2019,'1.9.10.13','B','899600121602',112,290,2);
Insert into CN.DETALLE_CN (ANO_PROG,CENTRO_COSTO,TIPO_ITEM,CODIGO_ITEM,UNIDAD_MEDIDA,PRECIO_UNIT,CANT_TOTAL) values (2019,'1.9.10.13','B','899600122034',112,24.5,25);
Insert into CN.DETALLE_CN (ANO_PROG,CENTRO_COSTO,TIPO_ITEM,CODIGO_ITEM,UNIDAD_MEDIDA,PRECIO_UNIT,CANT_TOTAL) values (2019,'1.9.10.8','B','475100015037',112,23.8,100);
Insert into CN.DETALLE_CN (ANO_PROG,CENTRO_COSTO,TIPO_ITEM,CODIGO_ITEM,UNIDAD_MEDIDA,PRECIO_UNIT,CANT_TOTAL) values (2019,'1.9.10.13','B','899600121916',112,35,25);
Insert into CN.DETALLE_CN (ANO_PROG,CENTRO_COSTO,TIPO_ITEM,CODIGO_ITEM,UNIDAD_MEDIDA,PRECIO_UNIT,CANT_TOTAL) values (2019,'1.1.2','B','716000010001',112,4,24);
Insert into CN.DETALLE_CN (ANO_PROG,CENTRO_COSTO,TIPO_ITEM,CODIGO_ITEM,UNIDAD_MEDIDA,PRECIO_UNIT,CANT_TOTAL) values (2019,'1.5.2','S','021200010013',107,1,6414);
Insert into CN.DETALLE_CN (ANO_PROG,CENTRO_COSTO,TIPO_ITEM,CODIGO_ITEM,UNIDAD_MEDIDA,PRECIO_UNIT,CANT_TOTAL) values (2019,'1.5.6','B','767400040005',112,1.65,100);
Insert into CN.DETALLE_CN (ANO_PROG,CENTRO_COSTO,TIPO_ITEM,CODIGO_ITEM,UNIDAD_MEDIDA,PRECIO_UNIT,CANT_TOTAL) values (2019,'1.9.10.8','B','475100015201',350,18,4);
Insert into CN.DETALLE_CN (ANO_PROG,CENTRO_COSTO,TIPO_ITEM,CODIGO_ITEM,UNIDAD_MEDIDA,PRECIO_UNIT,CANT_TOTAL) values (2019,'1.1.2','B','717200030039',112,3,2);
Insert into CN.DETALLE_CN (ANO_PROG,CENTRO_COSTO,TIPO_ITEM,CODIGO_ITEM,UNIDAD_MEDIDA,PRECIO_UNIT,CANT_TOTAL) values (2019,'1.9.10.8','B','475100016872',350,18,6);
Insert into CN.DETALLE_CN (ANO_PROG,CENTRO_COSTO,TIPO_ITEM,CODIGO_ITEM,UNIDAD_MEDIDA,PRECIO_UNIT,CANT_TOTAL) values (2019,'1.1.2','B','503300250039',112,2.5,12);
Insert into CN.DETALLE_CN (ANO_PROG,CENTRO_COSTO,TIPO_ITEM,CODIGO_ITEM,UNIDAD_MEDIDA,PRECIO_UNIT,CANT_TOTAL) values (2019,'1.9.10.8','B','475100016797',112,6,100);
Insert into CN.DETALLE_CN (ANO_PROG,CENTRO_COSTO,TIPO_ITEM,CODIGO_ITEM,UNIDAD_MEDIDA,PRECIO_UNIT,CANT_TOTAL) values (2019,'1.9.10.8','B','495701290041',112,2,40);
Insert into CN.DETALLE_CN (ANO_PROG,CENTRO_COSTO,TIPO_ITEM,CODIGO_ITEM,UNIDAD_MEDIDA,PRECIO_UNIT,CANT_TOTAL) values (2019,'1.9.10.8','B','495700030033',112,0.0545,186);
Insert into CN.DETALLE_CN (ANO_PROG,CENTRO_COSTO,TIPO_ITEM,CODIGO_ITEM,UNIDAD_MEDIDA,PRECIO_UNIT,CANT_TOTAL) values (2019,'1.5.2','S','606500260053',107,1,4500);
Insert into CN.DETALLE_CN (ANO_PROG,CENTRO_COSTO,TIPO_ITEM,CODIGO_ITEM,UNIDAD_MEDIDA,PRECIO_UNIT,CANT_TOTAL) values (2019,'1.9.10.8','B','475100015981',350,60,4);
Insert into CN.DETALLE_CN (ANO_PROG,CENTRO_COSTO,TIPO_ITEM,CODIGO_ITEM,UNIDAD_MEDIDA,PRECIO_UNIT,CANT_TOTAL) values (2019,'1.1.2','B','443600120008',112,0.21,25);
Insert into CN.DETALLE_CN (ANO_PROG,CENTRO_COSTO,TIPO_ITEM,CODIGO_ITEM,UNIDAD_MEDIDA,PRECIO_UNIT,CANT_TOTAL) values (2019,'1.9.10.8','B','716000010210',449,21,4);
Insert into CN.DETALLE_CN (ANO_PROG,CENTRO_COSTO,TIPO_ITEM,CODIGO_ITEM,UNIDAD_MEDIDA,PRECIO_UNIT,CANT_TOTAL) values (2019,'1.5.6','B','767400061139',112,295.2832,6);
Insert into CN.DETALLE_CN (ANO_PROG,CENTRO_COSTO,TIPO_ITEM,CODIGO_ITEM,UNIDAD_MEDIDA,PRECIO_UNIT,CANT_TOTAL) values (2019,'1.5.2','S','701000040026',107,1,1000);
Insert into CN.DETALLE_CN (ANO_PROG,CENTRO_COSTO,TIPO_ITEM,CODIGO_ITEM,UNIDAD_MEDIDA,PRECIO_UNIT,CANT_TOTAL) values (2019,'1.5.2','S','500100050561',107,1,1000);
Insert into CN.DETALLE_CN (ANO_PROG,CENTRO_COSTO,TIPO_ITEM,CODIGO_ITEM,UNIDAD_MEDIDA,PRECIO_UNIT,CANT_TOTAL) values (2019,'1.5.2','S','606000020002',107,1,1000);
Insert into CN.DETALLE_CN (ANO_PROG,CENTRO_COSTO,TIPO_ITEM,CODIGO_ITEM,UNIDAD_MEDIDA,PRECIO_UNIT,CANT_TOTAL) values (2019,'1.9.10.8','B','475100017988',350,48,6);
Insert into CN.DETALLE_CN (ANO_PROG,CENTRO_COSTO,TIPO_ITEM,CODIGO_ITEM,UNIDAD_MEDIDA,PRECIO_UNIT,CANT_TOTAL) values (2019,'1.9.10.8','B','716000010210',449,21,2);
Insert into CN.DETALLE_CN (ANO_PROG,CENTRO_COSTO,TIPO_ITEM,CODIGO_ITEM,UNIDAD_MEDIDA,PRECIO_UNIT,CANT_TOTAL) values (2019,'1.9.10.8','B','475100016238',112,52,2);
Insert into CN.DETALLE_CN (ANO_PROG,CENTRO_COSTO,TIPO_ITEM,CODIGO_ITEM,UNIDAD_MEDIDA,PRECIO_UNIT,CANT_TOTAL) values (2019,'1.9.10.8','B','475100015330',350,60,2);
Insert into CN.DETALLE_CN (ANO_PROG,CENTRO_COSTO,TIPO_ITEM,CODIGO_ITEM,UNIDAD_MEDIDA,PRECIO_UNIT,CANT_TOTAL) values (2019,'1.5.6','B','746437120033',112,450,2);
Insert into CN.DETALLE_CN (ANO_PROG,CENTRO_COSTO,TIPO_ITEM,CODIGO_ITEM,UNIDAD_MEDIDA,PRECIO_UNIT,CANT_TOTAL) values (2019,'1.7.2.3','B','353800010019',112,6.47,11);
Insert into CN.DETALLE_CN (ANO_PROG,CENTRO_COSTO,TIPO_ITEM,CODIGO_ITEM,UNIDAD_MEDIDA,PRECIO_UNIT,CANT_TOTAL) values (2019,'1.7.2.3','B','495500010086',112,10.2,760);
Insert into CN.DETALLE_CN (ANO_PROG,CENTRO_COSTO,TIPO_ITEM,CODIGO_ITEM,UNIDAD_MEDIDA,PRECIO_UNIT,CANT_TOTAL) values (2019,'1.7.2.3','B','495500010472',112,0.0845,190);
Insert into CN.DETALLE_CN (ANO_PROG,CENTRO_COSTO,TIPO_ITEM,CODIGO_ITEM,UNIDAD_MEDIDA,PRECIO_UNIT,CANT_TOTAL) values (2019,'1.7.2.3','B','495100091925',112,1683,12);
Insert into CN.DETALLE_CN (ANO_PROG,CENTRO_COSTO,TIPO_ITEM,CODIGO_ITEM,UNIDAD_MEDIDA,PRECIO_UNIT,CANT_TOTAL) values (2019,'1.7.2.3','B','497000020879',112,65,6);
Insert into CN.DETALLE_CN (ANO_PROG,CENTRO_COSTO,TIPO_ITEM,CODIGO_ITEM,UNIDAD_MEDIDA,PRECIO_UNIT,CANT_TOTAL) values (2019,'1.7.2.3','B','512000150102',112,0.35,2);
Insert into CN.DETALLE_CN (ANO_PROG,CENTRO_COSTO,TIPO_ITEM,CODIGO_ITEM,UNIDAD_MEDIDA,PRECIO_UNIT,CANT_TOTAL) values (2019,'1.7.2.3','B','495700070005',112,13.8,1);
Insert into CN.DETALLE_CN (ANO_PROG,CENTRO_COSTO,TIPO_ITEM,CODIGO_ITEM,UNIDAD_MEDIDA,PRECIO_UNIT,CANT_TOTAL) values (2019,'1.7.2.3','B','495100092047',112,2000,12);
Insert into CN.DETALLE_CN (ANO_PROG,CENTRO_COSTO,TIPO_ITEM,CODIGO_ITEM,UNIDAD_MEDIDA,PRECIO_UNIT,CANT_TOTAL) values (2019,'1.8.10','B','717200050013',350,100,20);
Insert into CN.DETALLE_CN (ANO_PROG,CENTRO_COSTO,TIPO_ITEM,CODIGO_ITEM,UNIDAD_MEDIDA,PRECIO_UNIT,CANT_TOTAL) values (2019,'1.8.10','B','717200050230',452,15.37,5);
Insert into CN.DETALLE_CN (ANO_PROG,CENTRO_COSTO,TIPO_ITEM,CODIGO_ITEM,UNIDAD_MEDIDA,PRECIO_UNIT,CANT_TOTAL) values (2019,'1.5.2','B','715000120010',112,13,3);
Insert into CN.DETALLE_CN (ANO_PROG,CENTRO_COSTO,TIPO_ITEM,CODIGO_ITEM,UNIDAD_MEDIDA,PRECIO_UNIT,CANT_TOTAL) values (2019,'1.5.2','B','716000060381',112,1.2771,10);
Insert into CN.DETALLE_CN (ANO_PROG,CENTRO_COSTO,TIPO_ITEM,CODIGO_ITEM,UNIDAD_MEDIDA,PRECIO_UNIT,CANT_TOTAL) values (2019,'1.5.2','B','717200050013',350,100,6);
Insert into CN.DETALLE_CN (ANO_PROG,CENTRO_COSTO,TIPO_ITEM,CODIGO_ITEM,UNIDAD_MEDIDA,PRECIO_UNIT,CANT_TOTAL) values (2019,'1.5.2','B','716000060385',112,3,12);
Insert into CN.DETALLE_CN (ANO_PROG,CENTRO_COSTO,TIPO_ITEM,CODIGO_ITEM,UNIDAD_MEDIDA,PRECIO_UNIT,CANT_TOTAL) values (2019,'1.8.10','B','495700110029',112,18.25,5);
Insert into CN.DETALLE_CN (ANO_PROG,CENTRO_COSTO,TIPO_ITEM,CODIGO_ITEM,UNIDAD_MEDIDA,PRECIO_UNIT,CANT_TOTAL) values (2019,'1.5.2','B','767400061139',112,295.2832,4);
Insert into CN.DETALLE_CN (ANO_PROG,CENTRO_COSTO,TIPO_ITEM,CODIGO_ITEM,UNIDAD_MEDIDA,PRECIO_UNIT,CANT_TOTAL) values (2019,'1.7.3.2','B','497000020374',112,28,3);


---------------------------------------------------
-- INSERTAR TECHO PRESUPUESTAL
----------------------------------------------------

INSERT INTO CN.TECHO_PPTAL( ANO_PROG, CENTRO_COSTO, MNTO_PPTO, MNTO_PROG) VALUES (2019,'01.12.05', 2500.00,0);
INSERT INTO CN.TECHO_PPTAL ( ANO_PROG, CENTRO_COSTO, MNTO_PPTO, MNTO_PROG) VALUES (2019,'01.06.03',1300.00,0 );
INSERT INTO CN.TECHO_PPTAL ( ANO_PROG, CENTRO_COSTO, MNTO_PPTO, MNTO_PROG) VALUES (2019,'1.7.3.2',25000,0 );
INSERT INTO CN.TECHO_PPTAL ( ANO_PROG, CENTRO_COSTO, MNTO_PPTO, MNTO_PROG) VALUES (2019,'1.9.10.13',15000,0 );
INSERT INTO CN.TECHO_PPTAL ( ANO_PROG, CENTRO_COSTO, MNTO_PPTO, MNTO_PROG) VALUES (2019,'1.9.10.8',7000,0 );
INSERT INTO CN.TECHO_PPTAL ( ANO_PROG, CENTRO_COSTO, MNTO_PPTO, MNTO_PROG) VALUES (2019,'1.1.2' ,5000,0);
INSERT INTO CN.TECHO_PPTAL ( ANO_PROG, CENTRO_COSTO, MNTO_PPTO, MNTO_PROG) VALUES (2019,'1.5.2',3500,0 );
INSERT INTO CN.TECHO_PPTAL ( ANO_PROG, CENTRO_COSTO, MNTO_PPTO, MNTO_PROG) VALUES (2019,'1.5.6',8200,0);
INSERT INTO CN.TECHO_PPTAL ( ANO_PROG, CENTRO_COSTO, MNTO_PPTO, MNTO_PROG) VALUES (2019,'1.7.2.3',15000,0);
INSERT INTO CN.TECHO_PPTAL ( ANO_PROG, CENTRO_COSTO, MNTO_PPTO, MNTO_PROG) VALUES (2019,'1.8.10',3800,0);

